Workbook

Sheet Leia-me
A1: Plano editorial · Roma sem sentido
A2: Roma de verdade, sem roteiro.
A4: Como usar
A5: • A aba 'Linha do tempo' tem um ponto numerado por post, em ordem cronológica, da pré-história a hoje.
A6: • Cada post segue o formato do blog: história + lugar + dica prática, texto em português do Brasil e referências em ABNT.
A7: • Edite apenas a coluna 'Status' (lista suspensa) e, se quiser, 'Título provisório' e 'Lugar para a dica'. As datas e o resumo se atualizam sozinhos.
A8: • Os títulos são provisórios: cada fato e cada data são pesquisados e conferidos na hora de escrever o post.
A9: • 'A definir (Roma)' na coluna de lugar significa que o ponto de visita ainda será escolhido ao escrever.
A11: Premissas
A12: • Ritmo de 3 posts por semana (segunda, quarta e sexta). Está na aba 'Resumo', célula B3, e pode ser alterado.
A13: • O primeiro post da fila sai em 29/10/2026 e o segundo em 30/10/2026; depois segue seg/qua/sex a partir de 02/11/2026.
A14: • Os pontos 1 a 45 (prelúdio pré-histórico e fundação) ficam fora da fila: podem ser publicados quando quiser, como flashbacks.
A15: • Os dois posts já publicados (24 e 25/10/2026) estão marcados como 'Publicado' e o rascunho da República como 'Rascunho pronto'.

Sheet Resumo
A1: Resumo do plano
A3: Posts por semana (editável) | B3: 3
A4: Semanas por ano | B4: 52 | C4: Premissa: ano de 52 semanas, sem pausas.
A6: Post da vez | B6: =INDEX('Linha do tempo'!D2:D1067,MATCH(0,'Linha do tempo'!H2:H1067,0))
A7: Período do post da vez | B7: =INDEX('Linha do tempo'!C2:C1067,MATCH(0,'Linha do tempo'!H2:H1067,0))
A8: Lugar sugerido | B8: =INDEX('Linha do tempo'!E2:E1067,MATCH(0,'Linha do tempo'!H2:H1067,0))
A10: Era | B10: Pontos | C10: Publicados | D10: Pendentes | E10: Anos no ritmo atual
A11: Prelúdio: da pré-história à véspera de Roma (até 754 a.C.) | B11: =COUNTIF('Linha do tempo'!$B$2:$B$1067,A11) | C11: =COUNTIFS('Linha do tempo'!$B$2:$B$1067,A11,'Linha do tempo'!$F$2:$F$1067,"Publicado") | D11: =B11-C11 | E11: =B11/($B$3*$B$4)
A12: Roma régia e a Itália arcaica (753–510 a.C.) | B12: =COUNTIF('Linha do tempo'!$B$2:$B$1067,A12) | C12: =COUNTIFS('Linha do tempo'!$B$2:$B$1067,A12,'Linha do tempo'!$F$2:$F$1067,"Publicado") | D12: =B12-C12 | E12: =B12/($B$3*$B$4)
A13: República romana (509–28 a.C.) | B13: =COUNTIF('Linha do tempo'!$B$2:$B$1067,A13) | C13: =COUNTIFS('Linha do tempo'!$B$2:$B$1067,A13,'Linha do tempo'!$F$2:$F$1067,"Publicado") | D13: =B13-C13 | E13: =B13/($B$3*$B$4)
A14: Alto Império: de Augusto a Cômodo (27 a.C.–192 d.C.) | B14: =COUNTIF('Linha do tempo'!$B$2:$B$1067,A14) | C14: =COUNTIFS('Linha do tempo'!$B$2:$B$1067,A14,'Linha do tempo'!$F$2:$F$1067,"Publicado") | D14: =B14-C14 | E14: =B14/($B$3*$B$4)
A15: Crise e Império tardio (193–476 d.C.) | B15: =COUNTIF('Linha do tempo'!$B$2:$B$1067,A15) | C15: =COUNTIFS('Linha do tempo'!$B$2:$B$1067,A15,'Linha do tempo'!$F$2:$F$1067,"Publicado") | D15: =B15-C15 | E15: =B15/($B$3*$B$4)
A16: Alta Idade Média: ostrogodos, bizantinos, lombardos e papas (476–1000) | B16: =COUNTIF('Linha do tempo'!$B$2:$B$1067,A16) | C16: =COUNTIFS('Linha do tempo'!$B$2:$B$1067,A16,'Linha do tempo'!$F$2:$F$1067,"Publicado") | D16: =B16-C16 | E16: =B16/($B$3*$B$4)
A17: Baixa Idade Média: normandos, comunas e peste (1001–1400) | B17: =COUNTIF('Linha do tempo'!$B$2:$B$1067,A17) | C17: =COUNTIFS('Linha do tempo'!$B$2:$B$1067,A17,'Linha do tempo'!$F$2:$F$1067,"Publicado") | D17: =B17-C17 | E17: =B17/($B$3*$B$4)
A18: Renascimento (1401–1527) | B18: =COUNTIF('Linha do tempo'!$B$2:$B$1067,A18) | C18: =COUNTIFS('Linha do tempo'!$B$2:$B$1067,A18,'Linha do tempo'!$F$2:$F$1067,"Publicado") | D18: =B18-C18 | E18: =B18/($B$3*$B$4)
A19: Contrarreforma, Barroco e Roma papal (1528–1700) | B19: =COUNTIF('Linha do tempo'!$B$2:$B$1067,A19) | C19: =COUNTIFS('Linha do tempo'!$B$2:$B$1067,A19,'Linha do tempo'!$F$2:$F$1067,"Publicado") | D19: =B19-C19 | E19: =B19/($B$3*$B$4)
A20: Século XVIII: Grand Tour, Iluminismo e Napoleão (1701–1814) | B20: =COUNTIF('Linha do tempo'!$B$2:$B$1067,A20) | C20: =COUNTIFS('Linha do tempo'!$B$2:$B$1067,A20,'Linha do tempo'!$F$2:$F$1067,"Publicado") | D20: =B20-C20 | E20: =B20/($B$3*$B$4)
A21: Risorgimento e unificação (1815–1870) | B21: =COUNTIF('Linha do tempo'!$B$2:$B$1067,A21) | C21: =COUNTIFS('Linha do tempo'!$B$2:$B$1067,A21,'Linha do tempo'!$F$2:$F$1067,"Publicado") | D21: =B21-C21 | E21: =B21/($B$3*$B$4)
A22: Itália liberal e Grande Guerra (1871–1921) | B22: =COUNTIF('Linha do tempo'!$B$2:$B$1067,A22) | C22: =COUNTIFS('Linha do tempo'!$B$2:$B$1067,A22,'Linha do tempo'!$F$2:$F$1067,"Publicado") | D22: =B22-C22 | E22: =B22/($B$3*$B$4)
... A24: República Italiana: da reconstrução a hoje (1946–hoje) | B24: =COUNTIF('Linha do tempo'!$B$2:$B$1067,A24) | C24: =COUNTIFS('Linha do tempo'!$B$2:$B$1067,A24,'Linha do tempo'!$F$2:$F$1067,"Publicado") | D24: =B24-C24 | E24: =B24/($B$3*$B$4)
A25: Total | B25: =SUM(B11:B24) | C25: =SUM(C11:C24) | D25: =SUM(D11:D24) | E25: =B25/($B$3*$B$4)
A27: Posts por semana para concluir em 1 ano | B27: =B25/$B$4
A28: Posts por dia para concluir em 1 ano | B28: =B25/365

Sheet Linha do tempo
A1: Nº | B1: Era | C1: Período | D1: Título provisório | E1: Lugar para a dica | F1: Status | G1: Ano (a.C. < 0) | H1: Fila | I1: Data prevista
A2: 1 | B2: Prelúdio: da pré-história à véspera de Roma (até 754 a.C.) | C2: c. 1.000.000 a.C. | D2: Os primeiros humanos na Itália | E2: Museo Preistorico Etnografico Pigorini, Roma (EUR) | F2: Prelúdio (pendente) | G2: -1000000 | I2: fora da fila
A3: 2 | B3: Prelúdio: da pré-história à véspera de Roma (até 754 a.C.) | C3: c. 450.000 a.C. | D3: As pegadas de Roccamonfina: humanos antigos na Campânia | E3: Ciampate del Diavolo, Roccamonfina | F3: Prelúdio (pendente) | G3: -450000 | I3: fora da fila
A4: 3 | B4: Prelúdio: da pré-história à véspera de Roma (até 754 a.C.) | C4: c. 250.000 a.C. | D4: A Roma pré-histórica: elefantes antigos no vale do Aniene | E4: Museo Preistorico Etnografico Pigorini, Roma (EUR) | F4: Prelúdio (pendente) | G4: -250000 | I4: fora da fila
A5: 4 | B5: Prelúdio: da pré-história à véspera de Roma (até 754 a.C.) | C5: c. 100.000 a.C. | D5: Neandertais no Lácio: a gruta Guattari do Monte Circeo | E5: San Felice Circeo | F5: Prelúdio (pendente) | G5: -100000 | I5: fora da fila
A6: 5 | B6: Prelúdio: da pré-história à véspera de Roma (até 754 a.C.) | C6: c. 40.000 a.C. | D6: Os primeiros Homo sapiens da Itália | E6: Grimaldi / Balzi Rossi, Ventimiglia | F6: Prelúdio (pendente) | G6: -40000 | I6: fora da fila
A7: 6 | B7: Prelúdio: da pré-história à véspera de Roma (até 754 a.C.) | C7: c. 25.000 a.C. | D7: Os sepultamentos e as estatuetas dos Balzi Rossi | E7: Balzi Rossi, Ventimiglia | F7: Prelúdio (pendente) | G7: -25000 | I7: fora da fila
A8: 7 | B8: Prelúdio: da pré-história à véspera de Roma (até 754 a.C.) | C8: c. 12.000 a.C. | D8: Arte rupestre do Mediterrâneo: a gruta do Genovese | E8: Ilha de Levanzo, Sicília | F8: Prelúdio (pendente) | G8: -12000 | I8: fora da fila
A9: 8 | B9: Prelúdio: da pré-história à véspera de Roma (até 754 a.C.) | C9: c. 6.000 a.C. | D9: A revolução neolítica chega à península | E9: Museo Preistorico Etnografico Pigorini, Roma (EUR) | F9: Prelúdio (pendente) | G9: -6000 | I9: fora da fila
A10: 9 | B10: Prelúdio: da pré-história à véspera de Roma (até 754 a.C.) | C10: c. 5.500 a.C. | D10: As primeiras aldeias neolíticas do Tavoliere | E10: Tavoliere, Apúlia | F10: Prelúdio (pendente) | G10: -5500 | I10: fora da fila
A11: 10 | B11: Prelúdio: da pré-história à véspera de Roma (até 754 a.C.) | C11: c. 4.000 a.C. | D11: A obsidiana de Lipari e as rotas do Mediterrâneo | E11: Museo Archeologico Regionale Eoliano, Lipari | F11: Prelúdio (pendente) | G11: -4000 | I11: fora da fila
A12: 11 | B12: Prelúdio: da pré-história à véspera de Roma (até 754 a.C.) | C12: c. 3.300 a.C. | D12: Ötzi, o Homem do Gelo | E12: Museu de Arqueologia do Tirol do Sul, Bolzano | F12: Prelúdio (pendente) | G12: -3300 | I12: fora da fila
A13: 12 | B13: Prelúdio: da pré-história à véspera de Roma (até 754 a.C.) | C13: c. 3.000 a.C. | D13: Remedello e as primeiras armas de cobre | E13: Brescia | F13: Prelúdio (pendente) | G13: -3000 | I13: fora da fila
... A46: 45 | B46: Roma régia e a Itália arcaica (753–510 a.C.) | C46: 750 a.C. | D46: Os etruscos: o povo que moldou Roma antes de Roma | E46: Museo Nazionale Etrusco di Villa Giulia, Roma | F46: Publicado | G46: -750 | I46: publicado
A47: 46 | B47: Roma régia e a Itália arcaica (753–510 a.C.) | C47: 750 a.C. | D47: O Asilo de Rômulo e o rapto das Sabinas | E47: Capitólio, Roma | F47: Publicado | G47: -750 | H47: 0 | I47: =IF(H47=0,DATE(2026,10,29),IF(H47=1,DATE(2026,10,30),DATE(2026,11,2)+7*INT((H47-2)/3)+CHOOSE(MOD(H47-2,3)+1,0,2,4)))
A48: 47 | B48: Roma régia e a Itália arcaica (753–510 a.C.) | C48: 745 a.C. | D48: A guerra sabina e a paz de Tito Tácio | E48: Fórum Romano, Roma | F48: Pendente | G48: -745 | H48: 1 | I48: =IF(H48=0,DATE(2026,10,29),IF(H48=1,DATE(2026,10,30),DATE(2026,11,2)+7*INT((H48-2)/3)+CHOOSE(MOD(H48-2,3)+1,0,2,4)))
A49: 48 | B49: Roma régia e a Itália arcaica (753–510 a.C.) | C49: 740 a.C. | D49: O Senado e as cúrias: as primeiras instituições | E49: Cúria Júlia, Fórum Romano, Roma | F49: Pendente | G49: -740 | H49: 2 | I49: =IF(H49=0,DATE(2026,10,29),IF(H49=1,DATE(2026,10,30),DATE(2026,11,2)+7*INT((H49-2)/3)+CHOOSE(MOD(H49-2,3)+1,0,2,4)))
A50: 49 | B50: Roma régia e a Itália arcaica (753–510 a.C.) | C50: 737 a.C. | D50: O Pomério: a fronteira sagrada de Roma | E50: Fórum Romano, Roma | F50: Pendente | G50: -737 | H50: 3 | I50: =IF(H50=0,DATE(2026,10,29),IF(H50=1,DATE(2026,10,30),DATE(2026,11,2)+7*INT((H50-2)/3)+CHOOSE(MOD(H50-2,3)+1,0,2,4)))
A51: 50 | B51: Roma régia e a Itália arcaica (753–510 a.C.) | C51: c. 730 a.C. | D51: Siracusa: a colônia grega mais poderosa do Ocidente | E51: Ortigia, Siracusa | F51: Pendente | G51: -730 | H51: 4 | I51: =IF(H51=0,DATE(2026,10,29),IF(H51=1,DATE(2026,10,30),DATE(2026,11,2)+7*INT((H51-2)/3)+CHOOSE(MOD(H51-2,3)+1,0,2,4)))
A52: 51 | B52: Roma régia e a Itália arcaica (753–510 a.C.) | C52: c. 730 a.C. | D52: Naxos e Leontinoi: os gregos na Sicília | E52: Giardini Naxos | F52: Pendente | G52: -730 | H52: 5 | I52: =IF(H52=0,DATE(2026,10,29),IF(H52=1,DATE(2026,10,30),DATE(2026,11,2)+7*INT((H52-2)/3)+CHOOSE(MOD(H52-2,3)+1,0,2,4)))
A53: 52 | B53: Roma régia e a Itália arcaica (753–510 a.C.) | C53: c. 720 a.C. | D53: Sibari, a cidade do luxo | E53: Parco Archeologico di Sibari | F53: Pendente | G53: -720 | H53: 6 | I53: =IF(H53=0,DATE(2026,10,29),IF(H53=1,DATE(2026,10,30),DATE(2026,11,2)+7*INT((H53-2)/3)+CHOOSE(MOD(H53-2,3)+1,0,2,4)))
A54: 53 | B54: Roma régia e a Itália arcaica (753–510 a.C.) | C54: 716 a.C. | D54: A morte e a apoteose de Rômulo | E54: Fórum Romano, Roma | F54: Pendente | G54: -716 | H54: 7 | I54: =IF(H54=0,DATE(2026,10,29),IF(H54=1,DATE(2026,10,30),DATE(2026,11,2)+7*INT((H54-2)/3)+CHOOSE(MOD(H54-2,3)+1,0,2,4)))
A55: 54 | B55: Roma régia e a Itália arcaica (753–510 a.C.) | C55: 715 a.C. | D55: Numa Pompílio: o rei sacerdote | E55: Fórum Romano, Roma | F55: Pendente | G55: -715 | H55: 8 | I55: =IF(H55=0,DATE(2026,10,29),IF(H55=1,DATE(2026,10,30),DATE(2026,11,2)+7*INT((H55-2)/3)+CHOOSE(MOD(H55-2,3)+1,0,2,4)))
A56: 55 | B56: Roma régia e a Itália arcaica (753–510 a.C.) | C56: c. 710 a.C. | D56: Crotone e as origens do esporte grego no Ocidente | E56: Capo Colonna, Crotone | F56: Pendente | G56: -710 | H56: 9 | I56: =IF(H56=0,DATE(2026,10,29),IF(H56=1,DATE(2026,10,30),DATE(2026,11,2)+7*INT((H56-2)/3)+CHOOSE(MOD(H56-2,3)+1,0,2,4)))
A57: 56 | B57: Roma régia e a Itália arcaica (753–510 a.C.) | C57: 710 a.C. | D57: As Vestais e o fogo de Roma | E57: Casa das Vestais, Fórum Romano, Roma | F57: Pendente | G57: -710 | H57: 10 | I57: =IF(H57=0,DATE(2026,10,29),IF(H57=1,DATE(2026,10,30),DATE(2026,11,2)+7*INT((H57-2)/3)+CHOOSE(MOD(H57-2,3)+1,0,2,4)))
A58: 57 | B58: Roma régia e a Itália arcaica (753–510 a.C.) | C58: 708 a.C. | D58: O calendário de Numa | E58: Fórum Romano, Roma | F58: Pendente | G58: -708 | H58: 11 | I58: =IF(H58=0,DATE(2026,10,29),IF(H58=1,DATE(2026,10,30),DATE(2026,11,2)+7*INT((H58-2)/3)+CHOOSE(MOD(H58-2,3)+1,0,2,4)))
... A1067: 1066 | B1067: República Italiana: da reconstrução a hoje (1946–hoje) | C1067: 2026 | D1067: Roma hoje: uma cidade eterna em movimento | E1067: A definir (Roma) | F1067: Pendente | G1067: 2026 | H1067: 1020 | I1067: =IF(H1067=0,DATE(2026,10,29),IF(H1067=1,DATE(2026,10,30),DATE(2026,11,2)+7*INT((H1067-2)/3)+CHOOSE(MOD(H1067-2,3)+1,0,2,4)))
